Id,CompanyName,Phone
3478,Patel-Clark,+1-590-570-9266
914210699,Pugh PLC,+1-219-879-0389
495979,Green and Sons,425-912-1058
28,Choi Group,001-910-263-8644
938159978,"Stanley, Richard and Ray",227.583.6508x4240
4736810,Shah-Murphy,524.235.4374x50954
6360,"Lynn, Rivera and Peterson",543.556.9266x6967
328,Robinson-Kim,762-667-0109x287
724763738,Tanner Ltd,(891)264-9165
75019,"Fisher, Walker and Fleming",561-277-8687
9187,Martin-Hunter,991.737.5456x4293
431690973,Ramos PLC,(204)413-2440x104
739,Jacobs-Monroe,+1-944-304-6327x13509
92128646,Colon Group,310.751.6779
5379,Jackson Group,(561)673-1188x68677
8757,"Price, Hayes and Diaz",715-933-8627
3832652,Brooks-Johnson,001-773-549-3690x9916
750,Watts LLC,+1-974-584-1398x476
610946,Miller PLC,+1-544-722-5978x3173
157129931,Martinez Ltd,506-969-2825x37682
6320960,"Day, Hubbard and Baker",001-668-255-6394x1904
88486775,Wells-Wright,633.502.1519
8660210,Boyle Group,(454)872-6106
9864,Love Ltd,(212)777-4455
948855933,Nelson-Lee,+1-420-890-9978
524138893,"Johnson, Thomas and Meyers",(473)678-0134x1826
519797,Lester PLC,5026060317
1899,"Salinas, Cole and Myers",+1-838-448-3197x799
45937,Quinn-Wade,+1-636-413-3944x74506
316192,Gardner Inc,451-729-1974
241005,Keller-Chen,+1-581-582-1417x28997
13221,"Davis, Edwards and Reyes",001-909-373-0721
686,Garcia Ltd,(682)745-1047x21060
48518,Bowman Inc,363.946.6105x586
58735690,"Drake, Johnson and Stanley",794.602.2273x53517
8921882,Sanders PLC,963-953-0319
702982,Williams Inc,956.842.8920
76842,Lee-Weiss,787-892-7614x380
413,"Frazier, Garcia and Powell",+1-791-283-7403x9976
8651,Neal-Hayes,864.586.6811x949
802,Baker Ltd,(488)863-6117x397
31036937,Frazier-Orozco,(464)722-4873
149857454,"Keith, Smith and Bell",001-994-878-3819x28497
9751094,"Alexander, Johnson and Wright",001-264-570-1608x0597
81633770,Reese-Tran,9659251617
4885,Simmons-Palmer,+1-329-475-3006x892
636339,Ramos LLC,506-955-2865
16686,Landry-Davis,+1-661-431-8061x73154
278041,Salas Inc,373.465.8333
1097,Wilson-Brooks,263.976.0655
180,Turner LLC,001-353-227-7065x134
9584,Woods-Johnson,001-368-572-4919x4993
186627916,"Wagner, Tapia and Perez",475-608-0372
616,Waters PLC,+1-933-301-6441x763
638246203,Camacho-Berry,423-938-7427x77822
3461158,"Allen, Drake and Howe",674-572-1550x01797
204074,Lewis-Alvarez,001-724-880-7066x5547
40508,Montgomery-Williams,6887336553
30861,"Mcclain, Kelley and Castro",962-694-3497x488
6229,White-Sullivan,316-839-3994
22952,"Robertson, Williams and Wright",(949)565-2108x674
662723604,Flores Ltd,001-488-248-6033x1742
470252,Schultz-Smith,001-448-626-1201x083
973,"White, White and Mendoza",796.749.1176x2175
1399688,Chapman-Jones,(984)735-4232x0579
83978970,Fuentes-Mooney,001-667-200-8214x1272
448,Watkins-Owen,001-590-281-0423x20309
93194,Craig-Daniels,371.732.6309x265
7406849,Martinez Inc,(440)897-1411x224
46861667,Hooper-Thompson,001-584-470-0096x886
844245041,Miller Inc,+1-461-887-2877x11572
757031,"Gill, Gibbs and Roth",953-744-3961x90046
50954109,Brown Inc,7906345529
554320,"Anderson, Flynn and Lee",806.554.9682
541,Gill-Roberts,+1-796-997-9077x334
317968,"Anderson, King and Morris",001-513-841-7223x62909
333746,Mcclure Group,704.887.9460x03484
36492,Berg-King,6249902877
5067,"Wise, Ibarra and Rose",001-757-734-3313x946
287,Cox PLC,437.305.6690x01156
4804,Jones and Sons,001-757-762-4699
187934086,Gomez and Sons,001-314-398-4264
326,Lee and Sons,+1-355-629-9031
891047132,Evans LLC,+1-522-577-0010x22495
76111,Lopez-Boyd,(620)517-5611x341
176420,Cunningham Ltd,+1-504-815-9839x4783
96741,"Rowe, Palmer and Brown",436.607.7451
6210,Jones-Rodriguez,(553)695-0928x2227
267,Levine LLC,336-877-2558x2363
715229880,Holland-Washington,001-817-936-2398x35214
1706,Boyd-Myers,001-821-244-8765x0646
358707,"Griffin, Davis and Castro",6004998834
81090023,Williams-Brown,+1-293-946-8912x450
1945195,Payne-Davis,788.719.9489x759
7212075,Sexton LLC,(216)406-8820
14159379,Smith PLC,7666979024
41880,Huang Group,452.430.1271x4645
961588355,Robinson Ltd,001-530-797-9677
998871,Hawkins-Bell,8959005308
832156481,Russell LLC,(878)560-2972
751183325,Davis and Sons,+1-285-861-0626x846
8460,Warren Ltd,+1-759-831-0800
780487,Snyder-Andrade,(847)708-1093
5031873,Williams Ltd,(832)875-3710x22693
3459142,"Brown, Smith and Haas",465.256.6102x1950
209,Alvarado-Gonzalez,+1-671-227-9085
253,Curry PLC,469.712.6510x5096
6556042,"Garner, Gilbert and Smith",(636)718-8672x4018
30224706,Roman-Johnson,+1-930-443-9369x5277
5002,Gray LLC,346-971-6440x315
300042886,Duncan Ltd,001-297-495-6630x1252
87844322,Coleman LLC,557.205.9957x52068
2536,"Ramirez, Butler and Patterson",(292)904-2659
4854170,Smith LLC,(717)829-1704
2744,Clarke-Bailey,405-691-4978x90006
149697319,Richmond-Arnold,(487)981-7145
648205,Hensley PLC,647.590.2289x708
209318,"Gray, Wright and Garcia",+1-854-919-1055
960029160,"Palmer, Rodriguez and Barrera",(899)940-2978
362185471,"Williams, Melendez and Hughes",(989)995-7701
94199,Rodriguez Group,001-627-903-8161x7591
44969,Brown LLC,001-566-360-1705x107
8783,Stephens-Brown,(527)594-2785
